<?xml version="1.0" encoding="UTF-8"?>
<project-private xmlns="http://www.netbeans.org/ns/project-private/1">
    <editor-bookmarks xmlns="http://www.netbeans.org/ns/editor-bookmarks/2" lastBookmarkId="0"/>
    <open-files xmlns="http://www.netbeans.org/ns/projectui-open-files/2">
        <group>
            <file>file:/C:/microchip/harmony/v2_05_01/apps/milestone3/firmware/src/line_search.c</file>
            <file>file:/C:/microchip/harmony/v2_05_01/apps/milestone3/firmware/src/uart_thread.c</file>
            <file>file:/C:/microchip/harmony/v2_05_01/apps/milestone3/firmware/src/motor_test.c</file>
            <file>file:/C:/microchip/harmony/v2_05_01/apps/milestone3/firmware/src/system_config/default/system_tasks.c</file>
        </group>
    </open-files>
</project-private>
